Array Size,Time (seconds)
50000,0.0206407
100000,0.031353
150000,0.0549298
200000,0.0628022
250000,0.06915
300000,0.103057
