Array Size,Time (seconds)
50000,0.0111763
100000,0.0224569
150000,0.0378105
200000,0.0465113
250000,0.0505485
300000,0.0795343
